term1,term2
 flux integral , vector 
 skew lines , gravitational force 
 electrostatic fields , skew lines 
 harmonic function , electrostatic fields 
 osculating circle , harmonic function 
 parameter space , flux integral 
 Green’s theorem , chambered nautilus 
 saddle point , resonance 
 mass flux , coordinate planes 
 vector projection , magnitude 
 cylinder , graph of a function of two variables 
 normal plane , chain rule 
 binormal vector , vector 
 cylinder , Gauss’ law 
 normal plane , direction cosines 
 osculating circle , simple harmonic motion 
 RLC series circuit , vector-valued functions 
 saddle point , Bessel functions 
 chain rule , cylinder 
 spring-mass system , projectile motion 
 vector-valued functions , vector projection 
 skew lines , electrostatic fields 
 resonance , topographical map 
 Green’s theorem , vector 
 linearly independent , force 
 skew lines , harmonic function 
 Green’s theorem , parallelepiped 
 vector product , vector-valued functions 
 Bessel functions , graph of a function of two variables 
 contour map , coordinate planes 
 vector projection , chambered nautilus 
 force , cylinder 
 parametric surface , cylinder 
 contour map , projectile motion 
 method of variation of parameters , Gauss’ law 
 spring-mass system , constant multiple rule 
 chambered nautilus , magnitude 
 right-hand rule , product rule 
 chambered nautilus , circulation 
 superposition principle , parameter space 
 vector , method of variation of parameters 
 binormal vector , gravitational force 
 sphere , chambered nautilus 
 binormal vector , coordinate planes 
 scalar , superposition principle 
 coordinate planes , circulation 
 method of variation of parameters , spring-mass system 
 magnitude , electrostatic fields 
 derivative , scalar 
 scalar , chambered nautilus 
 method of Lagrange multipliers , saddle point 
 graph of a function of two variables , Gauss’ law 
 determinant , constraints 
 transformation , simple harmonic motion 
 parametric surface , saddle point 
 parameter space , constraints 
 coordinate planes , saddle point 
 product rule , mass flux 
 vector , linearly independent 
 vector product , gravitational force 
 skew lines , direction cosines 
 binormal vector , constraints 
 parallelepiped , Bessel functions 
 flux integral , direction cosines 
 parameter space , method of variation of parameters 
 linearly independent , partial differential equation 
 RLC series circuit , Tacoma Narrows Bridge 
 projectile motion , osculating circle 
 skew lines , vector projection 
 resonance , vector-valued functions 
 right-hand rule , RLC series circuit 
 resonance , harmonic function 
 mass flux , vector 
 parallelepiped , harmonic function 
 parametric surface , contour map 
 direction cosines , method of variation of parameters 
 flux integral , vector projection 
 conservative field , harmonic function 
 magnitude , circulation 
 parallelepiped , resonance 
 simple harmonic motion , constant multiple rule 
 vector projection , partial differential equation 
 force , conservative field 
 gravitational force , normal plane 
 mass flux , binormal vector 
 sphere , parameter space 
 direction vector , normal plane 
 vector projection , force 
 harmonic function , vector product 
 resonance , constant multiple rule 
 normal plane , scalar 
 vector product , parameter space 
 Gauss’ law , contour map 
 method of Lagrange multipliers , right-hand rule 
 constant multiple rule , magnitude 
 conservative field , product rule 
 circulation , constraints 
 method of variation of parameters , coordinate planes 
 flux integral , chain rule 
 transformation , right-hand rule 
